[{"id":19,"addon_name":"HeaderOne","addon_type":"update","addon_location":"dynamic_page","addon_order":1,"addon_page_id":8,"addon_page_type":"dynamic_page","addon_settings":"{\"id\":\"19\",\"addon_name\":\"HeaderOne\",\"addon_namespace\":\"UGx1Z2luc1xQYWdlQnVpbGRlclxBZGRvbnNcVGVuYW50c1xUaGVtZVR3b1xIZWFkZXJcSGVhZGVyT25l\",\"addon_type\":\"update\",\"addon_location\":\"dynamic_page\",\"addon_order\":\"1\",\"addon_page_id\":\"8\",\"addon_page_type\":\"dynamic_page\",\"header_repeater\":{\"title_\":[\"Decorate your home\",\"Decorate your home\"],\"subtitle_\":[\"Lorem ipsum dolor sit amet, consectetur adipiscing elit. Feugiat pulvinar enim hendrerit pellentesque Pharetra consectetur quam.\",\"Lorem ipsum dolor sit amet, consectetur adipiscing elit. Feugiat pulvinar enim hendrerit pellentesque Pharetra consectetur quam.\"],\"shop_button_text_\":[\"Shop Now\",\"Shop Now\"],\"shop_button_url_\":[\"#\",\"#\"],\"button_color_\":[null,null],\"figure_image_\":[\"449\",\"449\"]},\"padding_top\":\"36\",\"padding_bottom\":\"34\"}","addon_namespace":"Plugins\\PageBuilder\\Addons\\Tenants\\ThemeTwo\\Header\\HeaderOne","created_at":"2023-01-03T13:52:44.000000Z","updated_at":"2023-01-03T13:55:30.000000Z"},{"id":20,"addon_name":"CollectionCard","addon_type":"update","addon_location":"dynamic_page","addon_order":2,"addon_page_id":8,"addon_page_type":"dynamic_page","addon_settings":"{\"id\":\"20\",\"addon_name\":\"CollectionCard\",\"addon_namespace\":\"UGx1Z2luc1xQYWdlQnVpbGRlclxBZGRvbnNcVGVuYW50c1xUaGVtZVR3b1xDb21tb25cQ29sbGVjdGlvbkNhcmQ=\",\"addon_type\":\"update\",\"addon_location\":\"dynamic_page\",\"addon_order\":\"2\",\"addon_page_id\":\"8\",\"addon_page_type\":\"dynamic_page\",\"repeater_data\":{\"repeater_title_\":[\"Furniture Collection\",\"Plant Collection\"],\"repeater_button_text_\":[\"Shop Now\",\"Shop Now\"],\"repeater_button_url_\":[\"#\",\"#\"],\"repeater_image_\":[\"451\",\"452\"],\"repeater_background_color_\":[\"rgb(240, 241, 250)\",\"rgb(250, 246, 242)\"]},\"padding_top\":\"50\",\"padding_bottom\":\"51\"}","addon_namespace":"Plugins\\PageBuilder\\Addons\\Tenants\\ThemeTwo\\Common\\CollectionCard","created_at":"2023-01-03T13:52:44.000000Z","updated_at":"2023-01-03T13:59:30.000000Z"},{"id":21,"addon_name":"TrendingProducts","addon_type":"update","addon_location":"dynamic_page","addon_order":3,"addon_page_id":8,"addon_page_type":"dynamic_page","addon_settings":"{\"id\":\"21\",\"addon_name\":\"TrendingProducts\",\"addon_namespace\":\"UGx1Z2luc1xQYWdlQnVpbGRlclxBZGRvbnNcVGVuYW50c1xUaGVtZVR3b1xQcm9kdWN0XFRyZW5kaW5nUHJvZHVjdHM=\",\"addon_type\":\"update\",\"addon_location\":\"dynamic_page\",\"addon_order\":\"3\",\"addon_page_id\":\"1\",\"addon_page_type\":\"dynamic_page\",\"title\":\"Trendy Product\",\"subtitle\":\"Lorem ipsum dolor sit amet, consectetur adipiscing elit. Vitae vivamus morbi et ornare est Orci et sed commodo.\",\"products\":[\"200\",\"201\",\"202\",\"203\",\"204\",\"205\"],\"item_show\":\"4\",\"item_order\":\"desc\",\"padding_top\":\"30\",\"padding_bottom\":\"91\"}","addon_namespace":"Plugins\\PageBuilder\\Addons\\Tenants\\ThemeTwo\\Product\\TrendingProducts","created_at":"2023-01-03T13:52:44.000000Z","updated_at":"2023-01-03T13:52:44.000000Z"},{"id":22,"addon_name":"CategoriesSlider","addon_type":"update","addon_location":"dynamic_page","addon_order":4,"addon_page_id":8,"addon_page_type":"dynamic_page","addon_settings":"{\"id\":\"22\",\"addon_name\":\"CategoriesSlider\",\"addon_namespace\":\"UGx1Z2luc1xQYWdlQnVpbGRlclxBZGRvbnNcVGVuYW50c1xUaGVtZVR3b1xDb21tb25cQ2F0ZWdvcmllc1NsaWRlcg==\",\"addon_type\":\"update\",\"addon_location\":\"dynamic_page\",\"addon_order\":\"4\",\"addon_page_id\":\"8\",\"addon_page_type\":\"dynamic_page\",\"categories\":[\"6\",\"7\",\"8\",\"9\",\"10\",\"11\",\"12\"],\"product_count\":\"on\",\"padding_top\":\"26\",\"padding_bottom\":\"15\"}","addon_namespace":"Plugins\\PageBuilder\\Addons\\Tenants\\ThemeTwo\\Common\\CategoriesSlider","created_at":"2023-01-03T13:52:44.000000Z","updated_at":"2023-01-03T14:00:28.000000Z"},{"id":23,"addon_name":"Services","addon_type":"update","addon_location":"dynamic_page","addon_order":9,"addon_page_id":8,"addon_page_type":"dynamic_page","addon_settings":"{\"id\":\"23\",\"addon_name\":\"Services\",\"addon_namespace\":\"UGx1Z2luc1xQYWdlQnVpbGRlclxBZGRvbnNcVGVuYW50c1xUaGVtZVR3b1xDb21tb25cU2VydmljZXM=\",\"addon_type\":\"update\",\"addon_location\":\"dynamic_page\",\"addon_order\":\"9\",\"addon_page_id\":\"1\",\"addon_page_type\":\"dynamic_page\",\"services_repeater\":{\"repeater_icon_\":[\"las la-truck\",\"las la-redo-alt\",\"las la-lock\",\"las la-gift\"],\"repeater_title_\":[\"Free Shipping\",\"Easy Return\",\"Secure payment\",\"Best Offer\"],\"repeater_subtitle_\":[\"Order Over $90\",\"Within 15 Days\",\"Online Shopping\",\"Guaranteed\"]},\"padding_top\":\"0\",\"padding_bottom\":\"102\"}","addon_namespace":"Plugins\\PageBuilder\\Addons\\Tenants\\ThemeTwo\\Common\\Services","created_at":"2023-01-03T13:52:44.000000Z","updated_at":"2023-01-03T13:52:44.000000Z"},{"id":24,"addon_name":"Brand","addon_type":"update","addon_location":"dynamic_page","addon_order":7,"addon_page_id":8,"addon_page_type":"dynamic_page","addon_settings":"{\"id\":\"24\",\"addon_name\":\"Brand\",\"addon_namespace\":\"UGx1Z2luc1xQYWdlQnVpbGRlclxBZGRvbnNcVGVuYW50c1xUaGVtZVR3b1xDb21tb25cQnJhbmQ=\",\"addon_type\":\"update\",\"addon_location\":\"dynamic_page\",\"addon_order\":\"7\",\"addon_page_id\":\"1\",\"addon_page_type\":\"dynamic_page\",\"brand\":[\"2\",\"3\",\"4\",\"5\",\"6\",\"7\",\"8\"],\"item_show\":\"10\",\"item_pagination\":\"6\",\"padding_top\":\"88\",\"padding_bottom\":\"88\"}","addon_namespace":"Plugins\\PageBuilder\\Addons\\Tenants\\ThemeTwo\\Common\\Brand","created_at":"2023-01-03T13:52:44.000000Z","updated_at":"2023-01-03T13:52:44.000000Z"},{"id":25,"addon_name":"Testimonial","addon_type":"update","addon_location":"dynamic_page","addon_order":8,"addon_page_id":8,"addon_page_type":"dynamic_page","addon_settings":"{\"id\":\"25\",\"addon_name\":\"Testimonial\",\"addon_namespace\":\"UGx1Z2luc1xQYWdlQnVpbGRlclxBZGRvbnNcVGVuYW50c1xUaGVtZVR3b1xDb21tb25cVGVzdGltb25pYWw=\",\"addon_type\":\"update\",\"addon_location\":\"dynamic_page\",\"addon_order\":\"8\",\"addon_page_id\":\"1\",\"addon_page_type\":\"dynamic_page\",\"item\":\"10\",\"order_by\":\"id\",\"order\":\"desc\",\"padding_top\":\"0\",\"padding_bottom\":\"95\"}","addon_namespace":"Plugins\\PageBuilder\\Addons\\Tenants\\ThemeTwo\\Common\\Testimonial","created_at":"2023-01-03T13:52:44.000000Z","updated_at":"2023-01-03T13:52:44.000000Z"},{"id":26,"addon_name":"CollectionArea","addon_type":"update","addon_location":"dynamic_page","addon_order":6,"addon_page_id":8,"addon_page_type":"dynamic_page","addon_settings":"{\"id\":\"26\",\"addon_name\":\"CollectionArea\",\"addon_namespace\":\"UGx1Z2luc1xQYWdlQnVpbGRlclxBZGRvbnNcVGVuYW50c1xUaGVtZVR3b1xDb21tb25cQ29sbGVjdGlvbkFyZWE=\",\"addon_type\":\"update\",\"addon_location\":\"dynamic_page\",\"addon_order\":\"6\",\"addon_page_id\":\"8\",\"addon_page_type\":\"dynamic_page\",\"title\":\"New Arrival 2022\",\"subtitle\":\"Lorem ipsum dolor sit amet, consectetur adipiscing elit. Feugiat pulvinar enim hendrerit pellentesque Pharetra consectetur quam.\",\"button_text\":\"Shop Now\",\"button_url\":null,\"image\":\"453\",\"align_image\":\"left\",\"padding_top\":\"65\",\"padding_bottom\":\"65\"}","addon_namespace":"Plugins\\PageBuilder\\Addons\\Tenants\\ThemeTwo\\Common\\CollectionArea","created_at":"2023-01-03T13:52:44.000000Z","updated_at":"2023-01-03T14:02:10.000000Z"},{"id":27,"addon_name":"ProductTypeList","addon_type":"update","addon_location":"dynamic_page","addon_order":5,"addon_page_id":8,"addon_page_type":"dynamic_page","addon_settings":"{\"id\":\"27\",\"addon_name\":\"ProductTypeList\",\"addon_namespace\":\"UGx1Z2luc1xQYWdlQnVpbGRlclxBZGRvbnNcVGVuYW50c1xUaGVtZVR3b1xQcm9kdWN0XFByb2R1Y3RUeXBlTGlzdA==\",\"addon_type\":\"update\",\"addon_location\":\"dynamic_page\",\"addon_order\":\"5\",\"addon_page_id\":\"8\",\"addon_page_type\":\"dynamic_page\",\"title\":\"Our Store\",\"subtitle\":\"Lorem ipsum dolor sit amet, consectetur adipiscing elit. Vitae vivamus morbi et ornare est Orci et sed commodo.\",\"categories\":[\"6\",\"7\",\"9\",\"11\",\"12\"],\"item_show\":\"8\",\"view_all_url\":\"#\",\"padding_top\":\"110\",\"padding_bottom\":\"110\"}","addon_namespace":"Plugins\\PageBuilder\\Addons\\Tenants\\ThemeTwo\\Product\\ProductTypeList","created_at":"2023-01-03T13:52:44.000000Z","updated_at":"2023-01-03T14:01:07.000000Z"}]